user_A_text,user_B_text,user_A_stance,user_B_stance,user_A_intent,user_B_intent,user_A_valence,user_B_valence,user_A_emotions,user_B_emotions,reconciled_response,approved,reason,toxicity,severe_toxicity,obscene,threat,insult,identity_attack
"Rounaq finds it boring to sit and talk to people, because he thinks its dumb.","Tanay is always keen to sit and talk to people, because he thinks it is wholesome.",oppose,support,neutral,neutral,-0.013392320601269603,0.0017231499077752233,"{'annoyance': 0.3182514011859894, 'neutral': 0.6850841641426086}",{'neutral': 0.8479848504066467}," **User A (Rounaq)**
Persona: Rounaq is a reserved individual who values action over conversation. He finds small talk tedious and prefers to spend his time productively. His neutral sentiment suggests he's not inherently negative but rather focused on efficiency.

**User B (Tanay)**
Persona: Tanay is sociable, appreciating the human connection and emotional depth that conversations bring. Despite being neutral in emotion, he values wholesome interactions as a means of understanding others better.

Both Rounaq and Tanay have valid perspectives based on their unique personalities and preferences. While Rounaq values efficiency and action, Tanay cherishes human connections.

To bridge this gap, it's essential to find a balance between productivity and social interaction. Set aside specific times for focused work and engagement with others, allowing both individuals to thrive in their preferred environments without compromising the other's needs.",True,,0.0006611313438042998,0.00011892068869201466,0.0001796041615307331,0.0001263284939341247,0.00017431280866730958,0.00013800633314531296
